{
  "providers": {
    "awscloudformation": {
      "AuthRoleName": "amplify-flutfoodrestaurant-dev-184648-authRole",
      "UnauthRoleArn": "arn:aws:iam::437235394109:role/amplify-flutfoodrestaurant-dev-184648-unauthRole",
      "AuthRoleArn": "arn:aws:iam::437235394109:role/amplify-flutfoodrestaurant-dev-184648-authRole",
      "Region": "us-east-1",
      "DeploymentBucketName": "amplify-flutfoodrestaurant-dev-184648-deployment",
      "UnauthRoleName": "amplify-flutfoodrestaurant-dev-184648-unauthRole",
      "StackName": "amplify-flutfoodrestaurant-dev-184648",
      "StackId": "arn:aws:cloudformation:us-east-1:437235394109:stack/amplify-flutfoodrestaurant-dev-184648/dd456d60-6edb-11eb-8735-0ec9495d5707",
      "AmplifyAppId": "dnloo2rg0ivb7"
    }
  },
  "auth": {
    "flutfoodrestaurant2586be47": {
      "service": "Cognito",
      "providerPlugin": "awscloudformation",
      "dependsOn": [],
      "customAuth": false,
      "providerMetadata": {
        "s3TemplateURL": "https://s3.amazonaws.com/amplify-flutfoodrestaurant-dev-184648-deployment/amplify-cfn-templates/auth/flutfoodrestaurant2586be47-cloudformation-template.yml",
        "logicalId": "authflutfoodrestaurant2586be47"
      },
      "lastPushTimeStamp": "2021-02-14T16:07:59.570Z",
      "output": {
        "UserPoolId": "us-east-1_TjlRdqTzc",
        "AppClientIDWeb": "55edh279qjic0drh9m24of6hfv",
        "AppClientID": "74k4lveg49ghghp5ih7on2uaer",
        "IdentityPoolId": "us-east-1:a0540df3-9b6f-4871-a712-03c4d4003ba1",
        "IdentityPoolName": "flutfoodrestaurant2586be47_identitypool_2586be47__dev",
        "UserPoolName": "flutfoodrestaurant2586be47_userpool_2586be47"
      },
      "lastPushDirHash": "dWFVRTvwUJJ/w9X8Bq3TKTBlbdY="
    }
  },
  "storage": {
    "flutfood": {
      "service": "S3",
      "providerPlugin": "awscloudformation",
      "providerMetadata": {
        "s3TemplateURL": "https://s3.amazonaws.com/amplify-flutfoodrestaurant-dev-184648-deployment/amplify-cfn-templates/storage/s3-cloudformation-template.json",
        "logicalId": "storageflutfood"
      },
      "lastPushTimeStamp": "2021-02-14T16:07:59.570Z",
      "output": {
        "BucketName": "flutfood184648-dev",
        "Region": "us-east-1"
      },
      "lastPushDirHash": "pxMICJBnjIzRMBUeaPYCqf/aoCM="
    }
  }
}