{
  "dev": {
    "awscloudformation": {
      "AuthRoleName": "amplify-flutfoodrestaurant-dev-184648-authRole",
      "UnauthRoleArn": "arn:aws:iam::437235394109:role/amplify-flutfoodrestaurant-dev-184648-unauthRole",
      "AuthRoleArn": "arn:aws:iam::437235394109:role/amplify-flutfoodrestaurant-dev-184648-authRole",
      "Region": "us-east-1",
      "DeploymentBucketName": "amplify-flutfoodrestaurant-dev-184648-deployment",
      "UnauthRoleName": "amplify-flutfoodrestaurant-dev-184648-unauthRole",
      "StackName": "amplify-flutfoodrestaurant-dev-184648",
      "StackId": "arn:aws:cloudformation:us-east-1:437235394109:stack/amplify-flutfoodrestaurant-dev-184648/dd456d60-6edb-11eb-8735-0ec9495d5707",
      "AmplifyAppId": "dnloo2rg0ivb7"
    },
    "categories": {
      "auth": {
        "flutfoodrestaurant2586be47": {}
      }
    }
  }
}